,R170001,SV66T
0,R170002,AO76K
1,R170003,UA69N
2,R170004,GY87S
3,R170005,FA65X
4,R170006,UG80V
5,R170007,AO67D
6,R170008,DO82L
7,R170009,IO82R
8,R170010,WQ84X
9,R170011,FO68A
10,R170012,UJ71U
11,R170013,ES79A
12,R170014,GP67H
13,R170015,OE84I
14,R170016,JY87H
15,R170017,EQ83Z
16,R170018,PA67Q
17,R170019,QV89H
18,R170020,WJ86O
19,R170021,ZQ79Y
20,R170022,EC82N
21,R170023,VE79B
22,R170024,PF84U
23,R170025,MM68Y
24,R170026,AP77Z
25,R170027,TJ82E
26,R170028,DK78L
27,R170029,CB77L
28,R170030,GD83W
29,R170031,ZM81V
30,R170032,RD67O
31,R170033,DZ90T
32,R170034,TV83S
33,R170035,PA84E
34,R170036,UJ70F
35,R170037,ID80U
36,R170038,YD79N
37,R170039,QE77R
38,R170040,GE68N
39,R170041,ZI74U
40,R170042,RP76R
41,R170043,JK90A
42,R170044,TQ88S
43,R170045,WW76K
44,R170046,LK75A
45,R170047,NV67T
46,R170048,NA86R
47,R170049,BM90J
48,R170050,FF81S
49,R170051,CG78D
50,R170052,IH77R
51,R170053,KA84F
52,R170054,IJ71K
53,R170055,HA84A
54,R170056,QI78S
55,R170057,TK84N
56,R170058,EK78W
57,R170059,TX70Y
58,R170060,HY70I
59,R170061,OZ88I
60,R170062,SZ80E
61,R170063,GX78S
62,R170064,QI73M
63,R170065,CU76D
64,R170066,UB89Q
65,R170067,GU79O
66,R170068,DR81M
67,R170069,XF67D
68,R170070,TT80D
69,R170071,MM79P
70,R170072,NP69W
71,R170073,HD81B
72,R170074,PA87M
73,R170075,BR75T
74,R170076,YD70L
75,R170077,KA75U
76,R170078,YR90M
77,R170079,MG75Y
78,R170080,ZE67A
79,R170081,CO79H
80,R170082,EN78L
81,R170083,ZZ80X
82,R170084,QD87B
83,R170085,XM86T
84,R170086,QS77K
85,R170087,AU81U
86,R170088,TM70D
87,R170089,IE70W
88,R170090,WZ79U
89,R170091,FR87D
90,R170092,YY74I
91,R170093,OO65R
92,R170094,SB66G
93,R170095,KE74P
94,R170096,FC67L
95,R170097,KQ79Z
96,R170098,QM69P
97,R170099,KE85A
98,R170100,WS73E
99,R170101,PN86O
100,R170102,FG83K
101,R170103,GM78G
102,R170104,RI85S
103,R170105,WC79V
104,R170106,ZO80L
105,R170107,ZI72M
106,R170108,CY88F
107,R170109,TE67E
108,R170110,MP88T
109,R170111,NW65Z
110,R170112,EG74V
111,R170113,KQ87T
112,R170114,DX68L
113,R170115,ZG77O
114,R170116,FU75H
115,R170117,KX67R
116,R170118,PA89O
117,R170119,CX78E
118,R170120,OF72O
119,R170121,MJ70R
120,R170122,UQ85J
121,R170123,SG90V
122,R170124,GR90E
123,R170125,YN70C
124,R170126,PK68Z
125,R170127,NM85D
126,R170128,BQ73T
127,R170129,CV90L
128,R170130,AL85A
129,R170131,VS80Y
130,R170132,VD86B
131,R170133,BJ67G
132,R170134,CM86C
133,R170135,MP86G
134,R170136,JD70M
135,R170137,ZH86R
136,R170138,WF87P
137,R170139,FV81E
138,R170140,PB67Z
139,R170141,FW80Z
140,R170142,RY86R
141,R170143,GT79U
142,R170144,ZK80G
143,R170145,ZV65Z
144,R170146,DA81Q
145,R170147,RT79M
146,R170148,LT73C
147,R170149,AB77Z
148,R170150,ZO82F
149,R170151,FN83L
150,R170152,QW74O
151,R170153,TK68M
152,R170154,HG67N
153,R170155,KM69X
154,R170156,XP81V
155,R170157,EK89Z
156,R170158,QP75L
157,R170159,VH69Y
158,R170160,JL70L
159,R170161,BQ66C
160,R170162,LW75G
161,R170163,ZT79M
162,R170164,HN73R
163,R170165,WG76H
164,R170166,HU75M
165,R170167,KG77S
166,R170168,ZQ81B
167,R170169,OU68F
168,R170170,CE78K
169,R170171,LO77J
170,R170172,TG71X
171,R170173,AT71V
172,R170174,JN68L
173,R170175,YY76J
174,R170176,NO68Q
175,R170177,UF68J
176,R170178,LV65H
177,R170179,RE71Y
178,R170180,LV72N
179,R170181,DI69Z
180,R170182,TZ76R
181,R170183,XG65V
182,R170184,NA73C
183,R170185,VF81G
184,R170186,YI82K
185,R170187,WK73Q
186,R170188,PT78T
187,R170189,PQ82U
188,R170190,WR88D
189,R170191,RD85Z
190,R170192,JI67S
191,R170193,WS80U
192,R170194,TP68F
193,R170195,FF87N
194,R170196,JA70P
195,R170197,RS71Q
196,R170198,YV67Y
197,R170199,CR87M
198,R170200,DZ73B
199,R170201,QO79M
200,R170202,SR81F
201,R170203,WR83W
202,R170204,MU76K
203,R170205,IG83W
204,R170206,YR87C
205,R170207,WX77R
206,R170208,GZ75F
207,R170209,AQ71T
208,R170210,UQ85N
209,R170211,EI77J
210,R170212,SW90G
211,R170213,KW77T
212,R170214,TJ85C
213,R170215,YJ87L
214,R170216,UA80K
215,R170217,KU71A
216,R170218,TC86A
217,R170219,NU79K
218,R170220,HC66K
219,R170221,ZX80V
220,R170222,BS85Z
221,R170223,MD79T
222,R170224,GX65U
223,R170225,UK85I
224,R170226,TD75D
225,R170227,XA66X
226,R170228,GS81O
227,R170229,SK70V
228,R170230,MY89A
229,R170231,QX84P
230,R170232,UG68L
231,R170233,RU74P
232,R170234,TO84K
233,R170235,NL66B
234,R170236,YT76O
235,R170237,YW66Q
236,R170238,JX75H
237,R170239,WS81S
238,R170240,FG89R
239,R170241,NR82P
240,R170242,DM73J
241,R170243,KJ82N
242,R170244,DJ75C
243,R170245,HE81A
244,R170246,QS90N
245,R170247,ED74I
246,R170248,MH78A
247,R170249,TT73I
248,R170250,NT69I
249,R170251,OM67M
250,R170252,BP66P
251,R170253,QB69B
252,R170254,EU76K
253,R170255,EM74M
254,R170256,OC80W
255,R170257,QK79B
256,R170258,XF83J
257,R170259,FF82C
258,R170260,IF86L
259,R170261,TI90B
260,R170262,SH84Q
261,R170263,NU87L
262,R170264,RE82L
263,R170265,QD87H
264,R170266,TQ90X
265,R170267,AX88M
266,R170268,UH80J
267,R170269,DS89W
268,R170270,VY73T
269,R170271,BY68E
270,R170272,OK65I
271,R170273,HZ80K
272,R170274,KA73U
273,R170275,WY74P
274,R170276,HI67J
275,R170277,BS90T
276,R170278,ZF65A
277,R170279,XQ76S
278,R170280,BP75S
279,R170281,CE77A
280,R170282,XJ80I
281,R170283,IT77R
282,R170284,PQ73M
283,R170285,FL83P
284,R170286,TA65A
285,R170287,WT76A
286,R170288,IS82G
287,R170289,XH86C
288,R170290,ZA80Q
289,R170291,ND68R
290,R170292,UU90K
291,R170293,QS66Y
292,R170294,CP71F
293,R170295,RZ78W
294,R170296,KM75R
295,R170297,IG80M
296,R170298,EW78T
297,R170299,JF88N
298,R170300,EU77J
299,R170301,TB87U
300,R170302,YS86W
301,R170303,YP86P
302,R170304,RV77N
303,R170305,MW73I
304,R170306,KA78C
305,R170307,NR76K
306,R170308,YV90S
307,R170309,CU74W
308,R170310,YT78Z
309,R170311,TG84M
310,R170312,WZ66R
311,R170313,VF66G
312,R170314,YJ71U
313,R170315,GH78N
314,R170316,VA80V
315,R170317,AB70N
316,R170318,II89O
317,R170319,MP80N
318,R170320,AL88E
319,R170321,XA85P
320,R170322,FM79X
321,R170323,UB73W
322,R170324,CN77Y
323,R170325,NU69Z
324,R170326,OE66Y
325,R170327,EL73N
326,R170328,YI65P
327,R170329,QV79P
328,R170330,SI70E
329,R170331,WH67Q
330,R170332,EH83P
331,R170333,NI78K
332,R170334,MY90I
333,R170335,VY66Y
334,R170336,TX67W
335,R170337,BT68O
336,R170338,XI83W
337,R170339,HU84F
338,R170340,YF76W
339,R170341,FR85M
340,R170342,MN86K
341,R170343,ZT83O
342,R170344,KS82I
343,R170345,BG90N
344,R170346,GW76O
345,R170347,NO69C
346,R170348,FJ66Q
347,R170349,XV65O
348,R170350,LR80T
349,R170351,LC70U
350,R170352,KM85H
351,R170353,IT76Y
352,R170354,VP76Y
353,R170355,OT66R
354,R170356,SP66J
355,R170357,YU83E
356,R170358,AN75O
357,R170359,KD71D
358,R170360,IB70S
359,R170361,NF77R
360,R170362,QQ84P
361,R170363,RT72B
362,R170364,SZ81Q
363,R170365,LJ85W
364,R170366,OF77U
365,R170367,DL88J
366,R170368,BA70K
367,R170369,WA84Y
368,R170370,YW72O
369,R170371,AU89A
370,R170372,GB68Q
371,R170373,BE76G
372,R170374,YS87O
373,R170375,TU78F
374,R170376,VD71C
375,R170377,IA76I
376,R170378,NJ83P
377,R170379,YB86K
378,R170380,GL74G
379,R170381,KC68N
380,R170382,QX85W
381,R170383,DA75V
382,R170384,JQ65P
383,R170385,SE81R
384,R170386,HG74D
385,R170387,TP83M
386,R170388,TT85I
387,R170389,AT81B
388,R170390,WW74V
389,R170391,KU70H
390,R170392,CY72C
391,R170393,SM72K
392,R170394,ZL66W
393,R170395,ZK69X
394,R170396,HA84I
395,R170397,AS75H
396,R170398,JT89H
397,R170399,ZX89Q
398,R170400,EX74D
399,R170401,UR80W
400,R170402,TT78Y
401,R170403,EB77P
402,R170404,HJ81R
403,R170405,WA88O
404,R170406,YV74O
405,R170407,XV72H
406,R170408,QY74A
407,R170409,DD65J
408,R170410,ZX83V
409,R170411,MB78Y
410,R170412,EL84G
411,R170413,II89Y
412,R170414,YG87X
413,R170415,BC87I
414,R170416,PR70E
415,R170417,BB70R
416,R170418,JG87C
417,R170419,NQ68W
418,R170420,VS78H
419,R170421,IN87X
420,R170422,IF79W
421,R170423,WZ86H
422,R170424,IS76J
423,R170425,RW77N
424,R170426,SM82W
425,R170427,FX73Y
426,R170428,RA75W
427,R170429,OK86Z
428,R170430,OQ89L
429,R170431,VU74K
430,R170432,HP86T
431,R170433,NM72B
432,R170434,IL87K
433,R170435,AS88Y
434,R170436,FX83M
435,R170437,XA77R
436,R170438,BW68O
437,R170439,YH76P
438,R170440,VA72X
439,R170441,BF71Y
440,R170442,WS68A
441,R170443,FG78G
442,R170444,WW74M
443,R170445,SN68Q
444,R170446,VD83G
445,R170447,FJ78Y
446,R170448,OK85J
447,R170449,ZY66X
448,R170450,TI70Z
449,R170451,UY68J
450,R170452,WJ81F
451,R170453,WZ85R
452,R170454,KT75L
453,R170455,RU78S
454,R170456,YO70H
455,R170457,AW73O
456,R170458,SO65W
457,R170459,KR67W
458,R170460,XP71G
459,R170461,YE66Q
460,R170462,FX71Z
461,R170463,DE66C
462,R170464,GV81O
463,R170465,FV72V
464,R170466,WX66G
465,R170467,SZ78J
466,R170468,AC69A
467,R170469,GC70E
468,R170470,HU85D
469,R170471,MG73L
470,R170472,ZB87R
471,R170473,PM67W
472,R170474,BT77J
473,R170475,TF77U
474,R170476,SI65Z
475,R170477,JI76F
476,R170478,RN71T
477,R170479,MC89W
478,R170480,KH77R
479,R170481,MV84R
480,R170482,EV73L
481,R170483,BP73E
482,R170484,IT87J
483,R170485,ZD73N
484,R170486,WT78G
485,R170487,CU85J
486,R170488,SJ72L
487,R170489,VW87W
488,R170490,RD68X
489,R170491,YD83K
490,R170492,RF79L
491,R170493,DV65V
492,R170494,GO77U
493,R170495,VP76R
494,R170496,PT75E
495,R170497,BC69C
496,R170498,XF87N
497,R170499,PW79N
498,R170500,OK65P
499,R170501,IH72G
500,R170502,UR79Y
501,R170503,PZ67E
502,R170504,TE85B
503,R170505,KZ65E
504,R170506,XY76M
505,R170507,LQ70Q
506,R170508,PA76K
507,R170509,JT73K
508,R170510,WL86N
509,R170511,ID75F
510,R170512,PY66N
511,R170513,TG65A
512,R170514,XF76R
513,R170515,ZZ84N
514,R170516,CU77I
515,R170517,RP89S
516,R170518,SU88X
517,R170519,AT68C
518,R170520,JU87D
519,R170521,AE66B
520,R170522,IG75C
521,R170523,NI86A
522,R170524,PL78F
523,R170525,QA67X
524,R170526,LH65N
525,R170527,GE66G
526,R170528,BA76N
527,R170529,XR76V
528,R170530,ZW70Y
529,R170531,ZH85E
530,R170532,DU85O
531,R170533,QV83L
532,R170534,EZ82P
533,R170535,CN74I
534,R170536,WA89Z
535,R170537,HH74U
536,R170538,ZN86Z
537,R170539,XX65T
538,R170540,TU76R
539,R170541,HC65Z
540,R170542,YG71U
541,R170543,UW65G
542,R170544,BJ79H
543,R170545,HY74E
544,R170546,UE73T
545,R170547,AZ66Y
546,R170548,HC88N
547,R170549,JU84X
548,R170550,OL65F
549,R170551,OR76T
550,R170552,PA81W
551,R170553,FK76U
552,R170554,AH74L
553,R170555,QK90V
554,R170556,YL82D
555,R170557,CW85J
556,R170558,WR77D
557,R170559,WR76U
558,R170560,HM66F
559,R170561,CC90J
560,R170562,UO86S
561,R170563,UK73G
562,R170564,DG90K
563,R170565,YI80I
564,R170566,TF70P
565,R170567,MT85O
566,R170568,TN80F
567,R170569,YM82O
568,R170570,LE79J
569,R170571,RF87B
570,R170572,NJ77J
571,R170573,XJ65K
572,R170574,GU87K
573,R170575,IJ73L
574,R170576,WR80F
575,R170577,RL78N
576,R170578,SK68Q
577,R170579,JE75E
578,R170580,UW71R
579,R170581,QN89L
580,R170582,CV68X
581,R170583,CR80A
582,R170584,IX75Z
583,R170585,DV87A
584,R170586,XW88B
585,R170587,VB79Y
586,R170588,QQ81F
587,R170589,HC68Y
588,R170590,ZJ83E
589,R170591,ME83Q
590,R170592,FD73Z
591,R170593,OV76X
592,R170594,PO67T
593,R170595,EO84S
594,R170596,JG89A
595,R170597,EK80E
596,R170598,WM71J
597,R170599,EZ73R
598,R170600,HW69L
599,R170601,ZT77T
600,R170602,EI80X
601,R170603,JC89L
602,R170604,VH70D
603,R170605,IR88F
604,R170606,HP67Q
605,R170607,TG67F
606,R170608,FU87L
607,R170609,JP72B
608,R170610,GY69Y
609,R170611,CV83O
610,R170612,BA73A
611,R170613,YK89O
612,R170614,JL83Q
613,R170615,WG77G
614,R170616,CY90A
615,R170617,PQ88L
616,R170618,CP77H
617,R170619,YP75S
618,R170620,QP88F
619,R170621,PZ77D
620,R170622,CT76Q
621,R170623,ZB86I
622,R170624,ZJ66U
623,R170625,JQ82G
624,R170626,EI87P
625,R170627,JP88R
626,R170628,EM81S
627,R170629,BW66L
628,R170630,NR74C
629,R170631,PY73L
630,R170632,EJ83I
631,R170633,SW90L
632,R170634,TO68H
633,R170635,SS73R
634,R170636,ND83H
635,R170637,PM76G
636,R170638,BF85X
637,R170639,VU85F
638,R170640,KN77R
639,R170641,RL75K
640,R170642,OG87L
641,R170643,AY90H
642,R170644,DE77T
643,R170645,DU88Y
644,R170646,CK89B
645,R170647,OV65N
646,R170648,SQ73I
647,R170649,IX78R
648,R170650,VC72F
649,R170651,GY73R
650,R170652,CS76A
651,R170653,GX81W
652,R170654,BX72S
653,R170655,FV78G
654,R170656,ZC90S
655,R170657,JP83S
656,R170658,BK87C
657,R170659,TK79K
658,R170660,JY76P
659,R170661,CT72A
660,R170662,GS87I
661,R170663,GZ79R
662,R170664,WB79F
663,R170665,KD68N
664,R170666,SB89G
665,R170667,HY78R
666,R170668,SR86R
667,R170669,VX76U
668,R170670,YZ87B
669,R170671,ED75Y
670,R170672,CN72M
671,R170673,AP80T
672,R170674,PG67M
673,R170675,YE76C
674,R170676,PV71Q
675,R170677,IO86H
676,R170678,CN86O
677,R170679,QA74G
678,R170680,BG81K
679,R170681,KT80V
680,R170682,TT75Y
681,R170683,XW71B
682,R170684,GM88U
683,R170685,IE85O
684,R170686,NF79C
685,R170687,DI82G
686,R170688,AT78N
687,R170689,OT83S
688,R170690,LH73U
689,R170691,KM83F
690,R170692,OA82F
691,R170693,UX68P
692,R170694,BB69S
693,R170695,FG74D
694,R170696,NB79H
695,R170697,AW75A
696,R170698,FX75H
697,R170699,RU83P
698,R170700,BA85X
699,R170701,RD65S
700,R170702,AV70B
701,R170703,DR80X
702,R170704,RL70J
703,R170705,IK75V
704,R170706,PH90P
705,R170707,VC86B
706,R170708,MI87M
707,R170709,WG86G
708,R170710,VH69M
709,R170711,FG69C
710,R170712,CQ71C
711,R170713,AR69J
712,R170714,DV69Z
713,R170715,NE83E
714,R170716,BW89V
715,R170717,IA74P
716,R170718,WP90E
717,R170719,DN85V
718,R170720,WS86F
719,R170721,WH67V
720,R170722,FY76P
721,R170723,HJ80Q
722,R170724,MM83I
723,R170725,CT87L
724,R170726,ZZ76C
725,R170727,RX83D
726,R170728,OT82H
727,R170729,AF84W
728,R170730,HT75H
729,R170731,NY87P
730,R170732,TN69G
731,R170733,ZS84P
732,R170734,IB82I
733,R170735,VL90W
734,R170736,JQ69I
735,R170737,FT75F
736,R170738,WL86W
737,R170739,ZS87C
738,R170740,MZ70O
739,R170741,YI87G
740,R170742,WO87P
741,R170743,IQ76X
742,R170744,XV76A
743,R170745,HM70B
744,R170746,NT80S
745,R170747,WA80D
746,R170748,KU79K
747,R170749,ZY82J
748,R170750,TY75M
749,R170751,DP66J
750,R170752,UU76D
751,R170753,VK75D
752,R170754,HE90Z
753,R170755,FF78P
754,R170756,LO86I
755,R170757,LA68J
756,R170758,XZ79K
757,R170759,OR74N
758,R170760,OC74J
759,R170761,LZ71S
760,R170762,GG78G
761,R170763,PT79Q
762,R170764,CJ89Y
763,R170765,TP85G
764,R170766,SY74K
765,R170767,XP79S
766,R170768,ET75E
767,R170769,GJ81R
768,R170770,NS77V
769,R170771,QW83O
770,R170772,FO66S
771,R170773,FA84I
772,R170774,QS67U
773,R170775,OA84M
774,R170776,VF78I
775,R170777,IT72S
776,R170778,VM87K
777,R170779,ZW82L
778,R170780,BQ76L
779,R170781,OT83L
780,R170782,XB75L
781,R170783,ZX69F
782,R170784,KQ82S
783,R170785,ED86G
784,R170786,WF79D
785,R170787,VR78P
786,R170788,JD74E
787,R170789,KH77H
788,R170790,XJ83L
789,R170791,FH84C
790,R170792,AR89I
791,R170793,CR70E
792,R170794,AC87A
793,R170795,MJ89W
794,R170796,BT86T
795,R170797,OR70T
796,R170798,KV71M
797,R170799,YV66L
798,R170800,JF65N
799,R170801,DQ90M
800,R170802,KO72E
801,R170803,HV75Q
802,R170804,QP76U
803,R170805,CT74B
804,R170806,AK76E
805,R170807,MT68V
806,R170808,GJ71S
807,R170809,QI71W
808,R170810,GH74K
809,R170811,KJ88R
810,R170812,OQ75X
811,R170813,IE89W
812,R170814,RZ65Y
813,R170815,AI85V
814,R170816,NI65Y
815,R170817,QV73Z
816,R170818,RY67N
817,R170819,TH68O
818,R170820,YI79X
819,R170821,ZC78S
820,R170822,YM70I
821,R170823,KF73N
822,R170824,TY73F
823,R170825,KV83Q
824,R170826,JR71S
825,R170827,HL87Z
826,R170828,DZ75I
827,R170829,MF86R
828,R170830,RP86V
829,R170831,IS89A
830,R170832,AA84D
831,R170833,OU66L
832,R170834,CI83N
833,R170835,QD82B
834,R170836,EF66S
835,R170837,ZB74X
836,R170838,ZX72B
837,R170839,OO79Y
838,R170840,RV83M
839,R170841,CA83G
840,R170842,UH88N
841,R170843,PH69A
842,R170844,DT81Y
843,R170845,AM88A
844,R170846,WF88X
845,R170847,DW69B
846,R170848,PO77L
847,R170849,ND79B
848,R170850,QF67K
849,R170851,QD85B
850,R170852,ZA86Q
851,R170853,WJ68J
852,R170854,NW69A
853,R170855,IV78F
854,R170856,ZU75W
855,R170857,HR88I
856,R170858,SS82E
857,R170859,TH83O
858,R170860,GP84W
859,R170861,HX76Z
860,R170862,SC87T
861,R170863,TD77M
862,R170864,KI86B
863,R170865,AR83M
864,R170866,UJ66Q
865,R170867,UD87H
866,R170868,ZK81T
867,R170869,PT87Z
868,R170870,WW86M
869,R170871,NY78C
870,R170872,KF81U
871,R170873,TF73S
872,R170874,IP68T
873,R170875,DP69Q
874,R170876,MR68N
875,R170877,GQ87O
876,R170878,GM66J
877,R170879,FH72P
878,R170880,QA75P
879,R170881,SU69L
880,R170882,MS73A
881,R170883,CC80X
882,R170884,JS67O
883,R170885,RN86P
884,R170886,LT87B
885,R170887,GN87O
886,R170888,AD72N
887,R170889,ZP77L
888,R170890,KU73K
889,R170891,PL77P
890,R170892,FT76K
891,R170893,UE71X
892,R170894,DY87R
893,R170895,DR73X
894,R170896,NR68O
895,R170897,UT73V
896,R170898,SI72C
897,R170899,YB77X
898,R170900,MJ76I
899,R170901,LL87C
900,R170902,ZL65J
901,R170903,MM75C
902,R170904,WY84X
903,R170905,DP83N
904,R170906,HR72T
905,R170907,PB67S
906,R170908,VH86J
907,R170909,BP71X
908,R170910,GP70X
909,R170911,CF82D
910,R170912,TI76U
911,R170913,JX88A
912,R170914,NA74I
913,R170915,TC69X
914,R170916,HP88E
915,R170917,DR80E
916,R170918,GS88X
917,R170919,KA82S
918,R170920,XE76G
919,R170921,MB88P
920,R170922,ZJ89P
921,R170923,BW84V
922,R170924,KV82C
923,R170925,VT71M
924,R170926,KI79P
925,R170927,UP89F
926,R170928,AS85D
927,R170929,XU87R
928,R170930,QT70S
929,R170931,JM68Q
930,R170932,IY88H
931,R170933,AU72B
932,R170934,NX79Q
933,R170935,UQ66X
934,R170936,DX81Y
935,R170937,OQ71E
936,R170938,ST81Q
937,R170939,YQ87J
938,R170940,UR83M
939,R170941,PD83B
940,R170942,SA78K
941,R170943,AW69T
942,R170944,QP80W
943,R170945,WE73E
944,R170946,YU66E
945,R170947,WW89S
946,R170948,CV80T
947,R170949,LT81G
948,R170950,JA65T
949,R170951,NJ74V
950,R170952,MN71S
951,R170953,FO81P
952,R170954,ZM66P
953,R170955,MW75U
954,R170956,YS87J
955,R170957,TA84Q
956,R170958,CP81Q
957,R170959,AQ68R
958,R170960,QD78Z
959,R170961,KW83F
960,R170962,VE88I
961,R170963,JY85Y
962,R170964,UT81G
963,R170965,IM71L
964,R170966,JS71D
965,R170967,JR66H
966,R170968,XL87P
967,R170969,HM79J
968,R170970,GH76V
969,R170971,AD72M
970,R170972,XO68I
971,R170973,QT75X
972,R170974,TS66N
973,R170975,AD82A
974,R170976,EY84O
975,R170977,LZ81U
976,R170978,JZ83X
977,R170979,QS82G
978,R170980,NI90U
979,R170981,XM75U
980,R170982,SY75P
981,R170983,LI90X
982,R170984,ON66H
983,R170985,PN87P
984,R170986,GM81Q
985,R170987,SX68E
986,R170988,OL81E
987,R170989,PV87Y
988,R170990,TG83W
989,R170991,WE80H
990,R170992,VW66C
991,R170993,WV65Q
992,R170994,LT73G
993,R170995,KH85H
994,R170996,HN74V
995,R170997,MP71M
996,R170998,TG73V
997,R170999,QQ79D
998,R171000,HL72F
999,R171001,HY67F
1000,R171002,RZ87B
1001,R171003,DW72F
1002,R171004,UN71V
1003,R171005,VN72K
1004,R171006,EM89C
1005,R171007,VS66D
1006,R171008,LL86X
1007,R171009,YB78H
1008,R171010,NV83G
1009,R171011,ZJ87B
1010,R171012,EU87P
1011,R171013,YE76M
1012,R171014,WG70H
1013,R171015,DE80G
1014,R171016,ZS83L
1015,R171017,FU77H
1016,R171018,PB75N
1017,R171019,ZN81Z
1018,R171020,GR79A
1019,R171021,UN80L
1020,R171022,ZB78F
1021,R171023,SS81G
1022,R171024,PW68J
1023,R171025,KE90Y
1024,R171026,QL67H
1025,R171027,NY67N
1026,R171028,QP67Y
1027,R171029,CX82Q
1028,R171030,UL90Q
1029,R171031,PH75R
1030,R171032,YC83P
1031,R171033,ZZ70A
1032,R171034,OR78Z
1033,R171035,KN87P
1034,R171036,GX78Q
1035,R171037,PS86R
1036,R171038,JN83P
1037,R171039,IN69S
1038,R171040,ZD75W
1039,R171041,MJ73O
1040,R171042,HH79X
1041,R171043,OH73L
1042,R171044,IR84L
1043,R171045,GH81U
1044,R171046,QK78R
1045,R171047,DG85U
1046,R171048,US77C
1047,R171049,CX73U
1048,R171050,CE82Z
1049,R171051,EE72B
1050,R171052,BC70Z
1051,R171053,IN72B
1052,R171054,SM76V
1053,R171055,RQ70A
1054,R171056,FR76E
1055,R171057,NR72J
1056,R171058,TI67O
1057,R171059,SB82J
1058,R171060,YQ90Y
1059,R171061,CV65W
1060,R171062,DE89I
1061,R171063,AI82W
1062,R171064,OS78E
1063,R171065,JK86F
1064,R171066,ED88Z
1065,R171067,KV87D
1066,R171068,HW72B
1067,R171069,AB67K
1068,R171070,MR82S
1069,R171071,AQ72V
1070,R171072,RS72Z
1071,R171073,ZC81P
1072,R171074,ZD68E
1073,R171075,KV88Y
1074,R171076,NE70I
1075,R171077,RM78L
1076,R171078,BO76N
1077,R171079,AQ70K
1078,R171080,OR75X
1079,R171081,GA74B
1080,R171082,JW79B
1081,R171083,TO82A
1082,R171084,CN80O
1083,R171085,ZO67Y
1084,R171086,SI87A
1085,R171087,HF76L
1086,R171088,MU77P
1087,R171089,QJ74R
1088,R171090,OF66Q
1089,R171091,OU68M
1090,R171092,YZ79L
1091,R171093,ZY85T
1092,R171094,XK89A
1093,R171095,QY81F
1094,R171096,UZ81X
1095,R171097,CR83C
1096,R171098,TY87M
1097,R171099,LU74D
1098,R171100,EA77U
1099,R171101,FA74V
1100,R171102,YE70H
1101,R171103,OQ85C
1102,R171104,ZG82Q
1103,R171105,DA71F
1104,R171106,FM74R
1105,R171107,OD78T
1106,R171108,YM69O
1107,R171109,PH87X
1108,R171110,OY77H
1109,R171111,IJ69Y
1110,R171112,IY73E
1111,R171113,EH72L
1112,R171114,WX77B
1113,R171115,YK78B
1114,R171116,VA65H
1115,R171117,JN75A
1116,R171118,ZJ65Q
1117,R171119,RL87G
1118,R171120,FA83P
1119,R171121,LI67D
1120,R171122,TD90L
1121,R171123,YK67R
1122,R171124,QB78T
1123,R171125,NI76C
1124,R171126,MV75B
1125,R171127,DF83I
1126,R171128,QV90M
1127,R171129,OL87J
1128,R171130,RF76J
1129,R171131,GQ70N
1130,R171132,UW66P
1131,R171133,ZZ79L
1132,R171134,ZV78Q
1133,R171135,ZD69T
1134,R171136,EB89F
1135,R171137,AT77F
1136,R171138,UK86U
1137,R171139,KL81O
1138,R171140,QW67P
1139,R171141,OG75C
1140,R171142,NJ65Q
1141,R171143,DD81Z
1142,R171144,GC65B
1143,R171145,VW70Q
1144,R171146,JR85X
1145,R171147,SW72L
1146,R171148,PJ80W
1147,R171149,TC75Y
1148,R171150,HM71L
1149,R171151,MK66V
1150,R171152,LC72G
1151,R171153,FQ74Y
1152,R171154,ZN85Z
1153,R171155,FY88L
1154,R171156,PV77G
1155,R171157,ZT82H
1156,R171158,BK71O
1157,R171159,ZV74Q
1158,R171160,EC68L
1159,R171161,DV86N
1160,R171162,PX71O
1161,R171163,TC88K
1162,R171164,JQ89G
1163,R171165,VB68A
1164,R171166,NW79J
1165,R171167,KO67L
1166,R171168,GM72Y
1167,R171169,XV70T
1168,R171170,XA84N
1169,R171171,OL79H
1170,R171172,GL71G
1171,R171173,CX74Y
1172,R171174,DU68O
1173,R171175,WV68R
1174,R171176,SU83Z
1175,R171177,OB69F
1176,R171178,CF80W
1177,R171179,IY80Q
1178,R171180,FU82N
1179,R171181,KZ67V
1180,R171182,OJ65N
1181,R171183,LR74L
1182,R171184,YQ89K
1183,R171185,IX87T
1184,R171186,DX66D
1185,R171187,KW66F
1186,R171188,XV87O
1187,R171189,XJ90L
1188,R171190,EI69Y
1189,R171191,HZ81Q
1190,R171192,PT90W
1191,R171193,NV76G
1192,R171194,RS67T
1193,R171195,VT78E
1194,R171196,JQ82A
1195,R171197,WJ83V
1196,R171198,FT72I
1197,R171199,VY75A
1198,R171200,ZQ71H
1199,R171201,RR78W
1200,R171202,PH87K
1201,R171203,RV77Z
1202,R171204,VG68X
1203,R171205,TJ69Z
1204,R171206,SY89N
1205,R171207,MZ67P
1206,R171208,FK86A
1207,R171209,EL66M
1208,R171210,IZ84Z
1209,R171211,TU87M
1210,R171212,PR83M
1211,R171213,CE69B
1212,R171214,NZ70U
1213,R171215,ED88C
1214,R171216,LY79V
1215,R171217,FE81S
1216,R171218,HS85K
1217,R171219,SB86O
1218,R171220,YG89G
1219,R171221,JB72F
1220,R171222,DV73X
1221,R171223,LC77U
1222,R171224,TP73R
1223,R171225,WF90Y
1224,R171226,PK67O
1225,R171227,FT80B
1226,R171228,EV66R
1227,R171229,TQ66G
1228,R171230,NZ78N
